---
layout: null
title : Atom Feed
---
<?xml version="1.0" encoding="utf-8"?>
<feed xmlns="http://www.w3.org/2005/Atom">

 <title>{{ site.title | xml_escape }}</title>
 <link href="{{ site.url }}{{site.baseurl}}{{ site.rss }}" rel="self"/>
 <link href="{{ site.url }}{{site.baseurl}}"/>
 <updated>{{ site.time | date_to_xmlschema }}</updated>
 <id>{{ site.url }}{{site.baseurl}}</id>
 <author>
   <name>{{ site.author.name | xml_escape }}</name>
   <email>{{ site.author.email }}</email>
 </author>

 {% for post in site.posts limit:20 %}
 <entry>
   <title>{{ post.title | xml_escape }}</title>
   <link href="{{ site.url }}{{site.baseurl}}{{ post.url }}"/>
   <updated>{{ post.date | date_to_xmlschema }}</updated>
   <id>{{ site.url }}{{site.baseurl}}{{ post.id }}</id>
   <content type="html">{{ post.content | xml_escape }}</content>
 </entry>
 {% endfor %}

</feed>
